source,target,corr,abs_corr,sign,weight,period
AAPL,ADVANC.BK,0.09746596164852997,0.09746596164852997,+,0.09746596164852997,Post-Crisis (2021)
AAPL,AMD,0.4726079730195801,0.4726079730195801,+,0.4726079730195801,Post-Crisis (2021)
AAPL,AMZN,0.6142897125296108,0.6142897125296108,+,0.6142897125296108,Post-Crisis (2021)
AAPL,AOT.BK,0.12314241816015654,0.12314241816015654,+,0.12314241816015654,Post-Crisis (2021)
AAPL,BAC,-0.03664480541976438,0.03664480541976438,-,0.03664480541976438,Post-Crisis (2021)
AAPL,BBL.BK,0.08763695647634079,0.08763695647634079,+,0.08763695647634079,Post-Crisis (2021)
AAPL,BDMS.BK,0.11487888040122979,0.11487888040122979,+,0.11487888040122979,Post-Crisis (2021)
AAPL,BTC-USD,0.07960752927330855,0.07960752927330855,+,0.07960752927330855,Post-Crisis (2021)
AAPL,CPALL.BK,0.016353031733154746,0.016353031733154746,+,0.016353031733154746,Post-Crisis (2021)
AAPL,CPN.BK,0.10884590746911144,0.10884590746911144,+,0.10884590746911144,Post-Crisis (2021)
AAPL,CVX,0.05031195528320857,0.05031195528320857,+,0.05031195528320857,Post-Crisis (2021)
AAPL,GLD,0.05014282280597701,0.05014282280597701,+,0.05014282280597701,Post-Crisis (2021)
AAPL,GOOGL,0.5578139752866546,0.5578139752866546,+,0.5578139752866546,Post-Crisis (2021)
AAPL,GULF.BK,0.03200304423084764,0.03200304423084764,+,0.03200304423084764,Post-Crisis (2021)
AAPL,JNJ,0.16478225693332538,0.16478225693332538,+,0.16478225693332538,Post-Crisis (2021)
AAPL,JPM,0.017664318230946417,0.017664318230946417,+,0.017664318230946417,Post-Crisis (2021)
AAPL,KBANK.BK,0.07420542298506502,0.07420542298506502,+,0.07420542298506502,Post-Crisis (2021)
AAPL,KTB.BK,0.14082603886665263,0.14082603886665263,+,0.14082603886665263,Post-Crisis (2021)
AAPL,META,0.5412289410869532,0.5412289410869532,+,0.5412289410869532,Post-Crisis (2021)
AAPL,MSFT,0.6954432804205121,0.6954432804205121,+,0.6954432804205121,Post-Crisis (2021)
AAPL,NVDA,0.5390678585864296,0.5390678585864296,+,0.5390678585864296,Post-Crisis (2021)
AAPL,PTT.BK,-0.01445975397255347,0.01445975397255347,-,0.01445975397255347,Post-Crisis (2021)
AAPL,PTTEP.BK,0.03268960541742058,0.03268960541742058,+,0.03268960541742058,Post-Crisis (2021)
AAPL,PTTGC.BK,0.005873439449234075,0.005873439449234075,+,0.005873439449234075,Post-Crisis (2021)
AAPL,SCB.BK,0.06587198653860783,0.06587198653860783,+,0.06587198653860783,Post-Crisis (2021)
AAPL,SCC.BK,0.052782700492952785,0.052782700492952785,+,0.052782700492952785,Post-Crisis (2021)
AAPL,TRUE.BK,0.04721408679477914,0.04721408679477914,+,0.04721408679477914,Post-Crisis (2021)
AAPL,TSLA,0.4089529448788515,0.4089529448788515,+,0.4089529448788515,Post-Crisis (2021)
AAPL,UNH,0.20583036513323572,0.20583036513323572,+,0.20583036513323572,Post-Crisis (2021)
AAPL,WMT,0.22565458248665685,0.22565458248665685,+,0.22565458248665685,Post-Crisis (2021)
AAPL,XOM,0.01069723381427082,0.01069723381427082,+,0.01069723381427082,Post-Crisis (2021)
ADVANC.BK,AMD,0.10612569030958216,0.10612569030958216,+,0.10612569030958216,Post-Crisis (2021)
ADVANC.BK,AMZN,0.004639997099644403,0.004639997099644403,+,0.004639997099644403,Post-Crisis (2021)
ADVANC.BK,AOT.BK,0.1712553713813225,0.1712553713813225,+,0.1712553713813225,Post-Crisis (2021)
ADVANC.BK,BAC,0.17121795954290656,0.17121795954290656,+,0.17121795954290656,Post-Crisis (2021)
ADVANC.BK,BBL.BK,0.20938864082549621,0.20938864082549621,+,0.20938864082549621,Post-Crisis (2021)
ADVANC.BK,BDMS.BK,0.17872434665562031,0.17872434665562031,+,0.17872434665562031,Post-Crisis (2021)
ADVANC.BK,BTC-USD,0.13967946391791497,0.13967946391791497,+,0.13967946391791497,Post-Crisis (2021)
ADVANC.BK,CPALL.BK,0.18423241982214564,0.18423241982214564,+,0.18423241982214564,Post-Crisis (2021)
ADVANC.BK,CPN.BK,0.24909178920183286,0.24909178920183286,+,0.24909178920183286,Post-Crisis (2021)
ADVANC.BK,CVX,0.1157886190556254,0.1157886190556254,+,0.1157886190556254,Post-Crisis (2021)
ADVANC.BK,GLD,-0.07108480675007771,0.07108480675007771,-,0.07108480675007771,Post-Crisis (2021)
ADVANC.BK,GOOGL,-0.00855315669944806,0.00855315669944806,-,0.00855315669944806,Post-Crisis (2021)
ADVANC.BK,GULF.BK,0.3161902085089405,0.3161902085089405,+,0.3161902085089405,Post-Crisis (2021)
ADVANC.BK,JNJ,0.05297231377120509,0.05297231377120509,+,0.05297231377120509,Post-Crisis (2021)
ADVANC.BK,JPM,0.18284320925599432,0.18284320925599432,+,0.18284320925599432,Post-Crisis (2021)
ADVANC.BK,KBANK.BK,0.14547091958346361,0.14547091958346361,+,0.14547091958346361,Post-Crisis (2021)
ADVANC.BK,KTB.BK,0.22601267126929192,0.22601267126929192,+,0.22601267126929192,Post-Crisis (2021)
ADVANC.BK,META,0.009988862029227837,0.009988862029227837,+,0.009988862029227837,Post-Crisis (2021)
ADVANC.BK,MSFT,0.002089350961213993,0.002089350961213993,+,0.002089350961213993,Post-Crisis (2021)
ADVANC.BK,NVDA,0.023003505192910858,0.023003505192910858,+,0.023003505192910858,Post-Crisis (2021)
ADVANC.BK,PTT.BK,0.10509255487696786,0.10509255487696786,+,0.10509255487696786,Post-Crisis (2021)
ADVANC.BK,PTTEP.BK,0.07675982236856146,0.07675982236856146,+,0.07675982236856146,Post-Crisis (2021)
ADVANC.BK,PTTGC.BK,0.1512886360007607,0.1512886360007607,+,0.1512886360007607,Post-Crisis (2021)
ADVANC.BK,SCB.BK,0.1739233476882368,0.1739233476882368,+,0.1739233476882368,Post-Crisis (2021)
ADVANC.BK,SCC.BK,0.197742566987836,0.197742566987836,+,0.197742566987836,Post-Crisis (2021)
ADVANC.BK,TRUE.BK,0.4761423250585867,0.4761423250585867,+,0.4761423250585867,Post-Crisis (2021)
ADVANC.BK,TSLA,0.14645071381910948,0.14645071381910948,+,0.14645071381910948,Post-Crisis (2021)
ADVANC.BK,UNH,0.1091763552416522,0.1091763552416522,+,0.1091763552416522,Post-Crisis (2021)
ADVANC.BK,WMT,0.05624789309999767,0.05624789309999767,+,0.05624789309999767,Post-Crisis (2021)
ADVANC.BK,XOM,0.0953156855740111,0.0953156855740111,+,0.0953156855740111,Post-Crisis (2021)
AMD,AMZN,0.39906024741178514,0.39906024741178514,+,0.39906024741178514,Post-Crisis (2021)
AMD,AOT.BK,0.025479926681008645,0.025479926681008645,+,0.025479926681008645,Post-Crisis (2021)
AMD,BAC,0.06895583315689033,0.06895583315689033,+,0.06895583315689033,Post-Crisis (2021)
AMD,BBL.BK,0.10020067373274469,0.10020067373274469,+,0.10020067373274469,Post-Crisis (2021)
AMD,BDMS.BK,0.09634475472260788,0.09634475472260788,+,0.09634475472260788,Post-Crisis (2021)
AMD,BTC-USD,0.17384320317418467,0.17384320317418467,+,0.17384320317418467,Post-Crisis (2021)
AMD,CPALL.BK,0.046387409046254685,0.046387409046254685,+,0.046387409046254685,Post-Crisis (2021)
AMD,CPN.BK,0.023758793656417466,0.023758793656417466,+,0.023758793656417466,Post-Crisis (2021)
AMD,CVX,0.11188144003664952,0.11188144003664952,+,0.11188144003664952,Post-Crisis (2021)
AMD,GLD,0.20286382692968058,0.20286382692968058,+,0.20286382692968058,Post-Crisis (2021)
AMD,GOOGL,0.43899594342965115,0.43899594342965115,+,0.43899594342965115,Post-Crisis (2021)
AMD,GULF.BK,0.08414881370981085,0.08414881370981085,+,0.08414881370981085,Post-Crisis (2021)
AMD,JNJ,0.0043307658829992695,0.0043307658829992695,+,0.0043307658829992695,Post-Crisis (2021)
AMD,JPM,0.03882096657013822,0.03882096657013822,+,0.03882096657013822,Post-Crisis (2021)
AMD,KBANK.BK,0.10617454952181894,0.10617454952181894,+,0.10617454952181894,Post-Crisis (2021)
AMD,KTB.BK,0.15184885731368372,0.15184885731368372,+,0.15184885731368372,Post-Crisis (2021)
AMD,META,0.39781797416883435,0.39781797416883435,+,0.39781797416883435,Post-Crisis (2021)
AMD,MSFT,0.47395731645587535,0.47395731645587535,+,0.47395731645587535,Post-Crisis (2021)
AMD,NVDA,0.7144139462389715,0.7144139462389715,+,0.7144139462389715,Post-Crisis (2021)
AMD,PTT.BK,0.0013465097122081395,0.0013465097122081395,+,0.0013465097122081395,Post-Crisis (2021)
AMD,PTTEP.BK,-0.009795928812615302,0.009795928812615302,-,0.009795928812615302,Post-Crisis (2021)
AMD,PTTGC.BK,0.06892985724625103,0.06892985724625103,+,0.06892985724625103,Post-Crisis (2021)
AMD,SCB.BK,0.08983351421130774,0.08983351421130774,+,0.08983351421130774,Post-Crisis (2021)
AMD,SCC.BK,0.06566885886153473,0.06566885886153473,+,0.06566885886153473,Post-Crisis (2021)
AMD,TRUE.BK,-0.00564545421203236,0.00564545421203236,-,0.00564545421203236,Post-Crisis (2021)
AMD,TSLA,0.44732557173715193,0.44732557173715193,+,0.44732557173715193,Post-Crisis (2021)
AMD,UNH,0.1536438164375556,0.1536438164375556,+,0.1536438164375556,Post-Crisis (2021)
AMD,WMT,0.13999331261911374,0.13999331261911374,+,0.13999331261911374,Post-Crisis (2021)
AMD,XOM,0.0985271834035757,0.0985271834035757,+,0.0985271834035757,Post-Crisis (2021)
AMZN,AOT.BK,0.15857889585444493,0.15857889585444493,+,0.15857889585444493,Post-Crisis (2021)
AMZN,BAC,-0.043230548860365745,0.043230548860365745,-,0.043230548860365745,Post-Crisis (2021)
AMZN,BBL.BK,0.08747940069873623,0.08747940069873623,+,0.08747940069873623,Post-Crisis (2021)
AMZN,BDMS.BK,0.16691855428036326,0.16691855428036326,+,0.16691855428036326,Post-Crisis (2021)
AMZN,BTC-USD,0.06595479651659443,0.06595479651659443,+,0.06595479651659443,Post-Crisis (2021)
AMZN,CPALL.BK,0.10276054868648175,0.10276054868648175,+,0.10276054868648175,Post-Crisis (2021)
AMZN,CPN.BK,0.13102697869914015,0.13102697869914015,+,0.13102697869914015,Post-Crisis (2021)
AMZN,CVX,0.018441316540199926,0.018441316540199926,+,0.018441316540199926,Post-Crisis (2021)
AMZN,GLD,0.05141153756637178,0.05141153756637178,+,0.05141153756637178,Post-Crisis (2021)
AMZN,GOOGL,0.5859708116593121,0.5859708116593121,+,0.5859708116593121,Post-Crisis (2021)
AMZN,GULF.BK,0.0668759512553895,0.0668759512553895,+,0.0668759512553895,Post-Crisis (2021)
AMZN,JNJ,0.00367485597720792,0.00367485597720792,+,0.00367485597720792,Post-Crisis (2021)
AMZN,JPM,-0.021315371303428858,0.021315371303428858,-,0.021315371303428858,Post-Crisis (2021)
AMZN,KBANK.BK,0.12180273347997103,0.12180273347997103,+,0.12180273347997103,Post-Crisis (2021)
AMZN,KTB.BK,0.1546055896773972,0.1546055896773972,+,0.1546055896773972,Post-Crisis (2021)
AMZN,META,0.5222889969222158,0.5222889969222158,+,0.5222889969222158,Post-Crisis (2021)
AMZN,MSFT,0.5784937844620878,0.5784937844620878,+,0.5784937844620878,Post-Crisis (2021)
AMZN,NVDA,0.5593883723865818,0.5593883723865818,+,0.5593883723865818,Post-Crisis (2021)
AMZN,PTT.BK,0.047222955793517145,0.047222955793517145,+,0.047222955793517145,Post-Crisis (2021)
AMZN,PTTEP.BK,0.16319016571703415,0.16319016571703415,+,0.16319016571703415,Post-Crisis (2021)
AMZN,PTTGC.BK,0.05836063942064461,0.05836063942064461,+,0.05836063942064461,Post-Crisis (2021)
AMZN,SCB.BK,0.07679076456378547,0.07679076456378547,+,0.07679076456378547,Post-Crisis (2021)
AMZN,SCC.BK,0.019969116426812816,0.019969116426812816,+,0.019969116426812816,Post-Crisis (2021)
AMZN,TRUE.BK,-0.07201046681366713,0.07201046681366713,-,0.07201046681366713,Post-Crisis (2021)
AMZN,TSLA,0.28900536549693595,0.28900536549693595,+,0.28900536549693595,Post-Crisis (2021)
AMZN,UNH,0.09009809213383646,0.09009809213383646,+,0.09009809213383646,Post-Crisis (2021)
AMZN,WMT,0.09148839630407259,0.09148839630407259,+,0.09148839630407259,Post-Crisis (2021)
AMZN,XOM,0.030113693655494617,0.030113693655494617,+,0.030113693655494617,Post-Crisis (2021)
AOT.BK,BAC,0.08917036110795293,0.08917036110795293,+,0.08917036110795293,Post-Crisis (2021)
AOT.BK,BBL.BK,0.40855848557098917,0.40855848557098917,+,0.40855848557098917,Post-Crisis (2021)
AOT.BK,BDMS.BK,0.29488431786496005,0.29488431786496005,+,0.29488431786496005,Post-Crisis (2021)
AOT.BK,BTC-USD,0.06508531235242021,0.06508531235242021,+,0.06508531235242021,Post-Crisis (2021)
AOT.BK,CPALL.BK,0.43630129000883416,0.43630129000883416,+,0.43630129000883416,Post-Crisis (2021)
AOT.BK,CPN.BK,0.500180708586833,0.500180708586833,+,0.500180708586833,Post-Crisis (2021)
AOT.BK,CVX,0.11284757690210968,0.11284757690210968,+,0.11284757690210968,Post-Crisis (2021)
AOT.BK,GLD,-0.020353771529392856,0.020353771529392856,-,0.020353771529392856,Post-Crisis (2021)
AOT.BK,GOOGL,0.16803754080684083,0.16803754080684083,+,0.16803754080684083,Post-Crisis (2021)
AOT.BK,GULF.BK,0.22171354238781157,0.22171354238781157,+,0.22171354238781157,Post-Crisis (2021)
AOT.BK,JNJ,-0.022373834949856623,0.022373834949856623,-,0.022373834949856623,Post-Crisis (2021)
AOT.BK,JPM,0.10404843546672327,0.10404843546672327,+,0.10404843546672327,Post-Crisis (2021)
AOT.BK,KBANK.BK,0.3917081432726514,0.3917081432726514,+,0.3917081432726514,Post-Crisis (2021)
AOT.BK,KTB.BK,0.44579657940539713,0.44579657940539713,+,0.44579657940539713,Post-Crisis (2021)
AOT.BK,META,0.1500063806172288,0.1500063806172288,+,0.1500063806172288,Post-Crisis (2021)
AOT.BK,MSFT,0.07899231893317742,0.07899231893317742,+,0.07899231893317742,Post-Crisis (2021)
AOT.BK,NVDA,0.06374316547065534,0.06374316547065534,+,0.06374316547065534,Post-Crisis (2021)
AOT.BK,PTT.BK,0.37446692260149805,0.37446692260149805,+,0.37446692260149805,Post-Crisis (2021)
AOT.BK,PTTEP.BK,0.2786215174095163,0.2786215174095163,+,0.2786215174095163,Post-Crisis (2021)
AOT.BK,PTTGC.BK,0.2753766888551848,0.2753766888551848,+,0.2753766888551848,Post-Crisis (2021)
AOT.BK,SCB.BK,0.3270852201467435,0.3270852201467435,+,0.3270852201467435,Post-Crisis (2021)
AOT.BK,SCC.BK,0.25854993691837974,0.25854993691837974,+,0.25854993691837974,Post-Crisis (2021)
AOT.BK,TRUE.BK,0.2342300681023009,0.2342300681023009,+,0.2342300681023009,Post-Crisis (2021)
AOT.BK,TSLA,0.09328234460264392,0.09328234460264392,+,0.09328234460264392,Post-Crisis (2021)
AOT.BK,UNH,0.001981882317000542,0.001981882317000542,+,0.001981882317000542,Post-Crisis (2021)
AOT.BK,WMT,-0.019210294374625816,0.019210294374625816,-,0.019210294374625816,Post-Crisis (2021)
AOT.BK,XOM,0.11524908463845145,0.11524908463845145,+,0.11524908463845145,Post-Crisis (2021)
BAC,BBL.BK,0.21750685721495958,0.21750685721495958,+,0.21750685721495958,Post-Crisis (2021)
BAC,BDMS.BK,0.06592469049867357,0.06592469049867357,+,0.06592469049867357,Post-Crisis (2021)
BAC,BTC-USD,0.16620119535331576,0.16620119535331576,+,0.16620119535331576,Post-Crisis (2021)
BAC,CPALL.BK,0.10388356015145597,0.10388356015145597,+,0.10388356015145597,Post-Crisis (2021)
BAC,CPN.BK,0.08342063582835686,0.08342063582835686,+,0.08342063582835686,Post-Crisis (2021)
BAC,CVX,0.6494253856948784,0.6494253856948784,+,0.6494253856948784,Post-Crisis (2021)
BAC,GLD,-0.07305413248471139,0.07305413248471139,-,0.07305413248471139,Post-Crisis (2021)
BAC,GOOGL,0.15697808019430037,0.15697808019430037,+,0.15697808019430037,Post-Crisis (2021)
BAC,GULF.BK,0.02047168877267658,0.02047168877267658,+,0.02047168877267658,Post-Crisis (2021)
BAC,JNJ,0.12775316730798053,0.12775316730798053,+,0.12775316730798053,Post-Crisis (2021)
BAC,JPM,0.9054760045409678,0.9054760045409678,+,0.9054760045409678,Post-Crisis (2021)
BAC,KBANK.BK,0.15927063743340017,0.15927063743340017,+,0.15927063743340017,Post-Crisis (2021)
BAC,KTB.BK,0.17060746517897393,0.17060746517897393,+,0.17060746517897393,Post-Crisis (2021)
BAC,META,0.05994870837389159,0.05994870837389159,+,0.05994870837389159,Post-Crisis (2021)
BAC,MSFT,-0.05065393126847316,0.05065393126847316,-,0.05065393126847316,Post-Crisis (2021)
BAC,NVDA,0.061727825343078066,0.061727825343078066,+,0.061727825343078066,Post-Crisis (2021)
BAC,PTT.BK,0.18290642400616358,0.18290642400616358,+,0.18290642400616358,Post-Crisis (2021)
BAC,PTTEP.BK,0.16985963977385246,0.16985963977385246,+,0.16985963977385246,Post-Crisis (2021)
BAC,PTTGC.BK,0.2321951277497794,0.2321951277497794,+,0.2321951277497794,Post-Crisis (2021)
BAC,SCB.BK,0.19235609932656264,0.19235609932656264,+,0.19235609932656264,Post-Crisis (2021)
BAC,SCC.BK,0.0712443821222282,0.0712443821222282,+,0.0712443821222282,Post-Crisis (2021)
BAC,TRUE.BK,0.10962286529714835,0.10962286529714835,+,0.10962286529714835,Post-Crisis (2021)
BAC,TSLA,0.05778447140088951,0.05778447140088951,+,0.05778447140088951,Post-Crisis (2021)
BAC,UNH,0.2657084615464303,0.2657084615464303,+,0.2657084615464303,Post-Crisis (2021)
BAC,WMT,0.18891540958148886,0.18891540958148886,+,0.18891540958148886,Post-Crisis (2021)
BAC,XOM,0.6551747949603726,0.6551747949603726,+,0.6551747949603726,Post-Crisis (2021)
BBL.BK,BDMS.BK,0.17132852683024902,0.17132852683024902,+,0.17132852683024902,Post-Crisis (2021)
BBL.BK,BTC-USD,0.0524706954840087,0.0524706954840087,+,0.0524706954840087,Post-Crisis (2021)
BBL.BK,CPALL.BK,0.3794410703656519,0.3794410703656519,+,0.3794410703656519,Post-Crisis (2021)
BBL.BK,CPN.BK,0.35492062263238194,0.35492062263238194,+,0.35492062263238194,Post-Crisis (2021)
BBL.BK,CVX,0.13366980246525395,0.13366980246525395,+,0.13366980246525395,Post-Crisis (2021)
BBL.BK,GLD,-0.0069135156986316545,0.0069135156986316545,-,0.0069135156986316545,Post-Crisis (2021)
BBL.BK,GOOGL,0.1185194128937719,0.1185194128937719,+,0.1185194128937719,Post-Crisis (2021)
BBL.BK,GULF.BK,0.16539682122010937,0.16539682122010937,+,0.16539682122010937,Post-Crisis (2021)
BBL.BK,JNJ,0.07936097780727071,0.07936097780727071,+,0.07936097780727071,Post-Crisis (2021)
BBL.BK,JPM,0.220583449604447,0.220583449604447,+,0.220583449604447,Post-Crisis (2021)
BBL.BK,KBANK.BK,0.7661020809178939,0.7661020809178939,+,0.7661020809178939,Post-Crisis (2021)
BBL.BK,KTB.BK,0.6552805235480514,0.6552805235480514,+,0.6552805235480514,Post-Crisis (2021)
BBL.BK,META,0.12509787641060238,0.12509787641060238,+,0.12509787641060238,Post-Crisis (2021)
BBL.BK,MSFT,0.04556619565031147,0.04556619565031147,+,0.04556619565031147,Post-Crisis (2021)
BBL.BK,NVDA,0.10124390250318545,0.10124390250318545,+,0.10124390250318545,Post-Crisis (2021)
BBL.BK,PTT.BK,0.4555500951663959,0.4555500951663959,+,0.4555500951663959,Post-Crisis (2021)
BBL.BK,PTTEP.BK,0.36638355489903174,0.36638355489903174,+,0.36638355489903174,Post-Crisis (2021)
BBL.BK,PTTGC.BK,0.38832443528282773,0.38832443528282773,+,0.38832443528282773,Post-Crisis (2021)
BBL.BK,SCB.BK,0.6484553030892266,0.6484553030892266,+,0.6484553030892266,Post-Crisis (2021)
BBL.BK,SCC.BK,0.21448234734724092,0.21448234734724092,+,0.21448234734724092,Post-Crisis (2021)
BBL.BK,TRUE.BK,0.2745137645018565,0.2745137645018565,+,0.2745137645018565,Post-Crisis (2021)
BBL.BK,TSLA,0.09761844671879752,0.09761844671879752,+,0.09761844671879752,Post-Crisis (2021)
BBL.BK,UNH,0.07975336996157337,0.07975336996157337,+,0.07975336996157337,Post-Crisis (2021)
BBL.BK,WMT,0.08493624716339468,0.08493624716339468,+,0.08493624716339468,Post-Crisis (2021)
BBL.BK,XOM,0.19521828838956207,0.19521828838956207,+,0.19521828838956207,Post-Crisis (2021)
BDMS.BK,BTC-USD,-0.07122019381636452,0.07122019381636452,-,0.07122019381636452,Post-Crisis (2021)
BDMS.BK,CPALL.BK,0.39039486408569696,0.39039486408569696,+,0.39039486408569696,Post-Crisis (2021)
BDMS.BK,CPN.BK,0.26646465425493315,0.26646465425493315,+,0.26646465425493315,Post-Crisis (2021)
BDMS.BK,CVX,0.11119384974191124,0.11119384974191124,+,0.11119384974191124,Post-Crisis (2021)
BDMS.BK,GLD,0.08516776039386799,0.08516776039386799,+,0.08516776039386799,Post-Crisis (2021)
BDMS.BK,GOOGL,0.019355839891244377,0.019355839891244377,+,0.019355839891244377,Post-Crisis (2021)
BDMS.BK,GULF.BK,0.2530616317491297,0.2530616317491297,+,0.2530616317491297,Post-Crisis (2021)
BDMS.BK,JNJ,-0.017841490446948705,0.017841490446948705,-,0.017841490446948705,Post-Crisis (2021)
BDMS.BK,JPM,0.0599763173260433,0.0599763173260433,+,0.0599763173260433,Post-Crisis (2021)
BDMS.BK,KBANK.BK,0.14580478789612072,0.14580478789612072,+,0.14580478789612072,Post-Crisis (2021)
BDMS.BK,KTB.BK,0.2994579557807557,0.2994579557807557,+,0.2994579557807557,Post-Crisis (2021)
BDMS.BK,META,0.08346687466831267,0.08346687466831267,+,0.08346687466831267,Post-Crisis (2021)
BDMS.BK,MSFT,0.013710518261970884,0.013710518261970884,+,0.013710518261970884,Post-Crisis (2021)
BDMS.BK,NVDA,0.02399069339103004,0.02399069339103004,+,0.02399069339103004,Post-Crisis (2021)
BDMS.BK,PTT.BK,0.1997209179181934,0.1997209179181934,+,0.1997209179181934,Post-Crisis (2021)
BDMS.BK,PTTEP.BK,0.13618162034044629,0.13618162034044629,+,0.13618162034044629,Post-Crisis (2021)
BDMS.BK,PTTGC.BK,0.2193127206330362,0.2193127206330362,+,0.2193127206330362,Post-Crisis (2021)
BDMS.BK,SCB.BK,0.12295897703575805,0.12295897703575805,+,0.12295897703575805,Post-Crisis (2021)
BDMS.BK,SCC.BK,0.3384409655956571,0.3384409655956571,+,0.3384409655956571,Post-Crisis (2021)
BDMS.BK,TRUE.BK,0.16089414306618055,0.16089414306618055,+,0.16089414306618055,Post-Crisis (2021)
BDMS.BK,TSLA,0.11921742325077318,0.11921742325077318,+,0.11921742325077318,Post-Crisis (2021)
BDMS.BK,UNH,0.0016656360283772032,0.0016656360283772032,+,0.0016656360283772032,Post-Crisis (2021)
BDMS.BK,WMT,0.03327892802378119,0.03327892802378119,+,0.03327892802378119,Post-Crisis (2021)
BDMS.BK,XOM,0.12721798802857065,0.12721798802857065,+,0.12721798802857065,Post-Crisis (2021)
BTC-USD,CPALL.BK,0.0554845208554628,0.0554845208554628,+,0.0554845208554628,Post-Crisis (2021)
BTC-USD,CPN.BK,0.06521823338876805,0.06521823338876805,+,0.06521823338876805,Post-Crisis (2021)
BTC-USD,CVX,0.13926716394241767,0.13926716394241767,+,0.13926716394241767,Post-Crisis (2021)
BTC-USD,GLD,-0.017303216282469624,0.017303216282469624,-,0.017303216282469624,Post-Crisis (2021)
BTC-USD,GOOGL,0.18525706110513748,0.18525706110513748,+,0.18525706110513748,Post-Crisis (2021)
BTC-USD,GULF.BK,0.08995343326674693,0.08995343326674693,+,0.08995343326674693,Post-Crisis (2021)
BTC-USD,JNJ,0.08777566116652775,0.08777566116652775,+,0.08777566116652775,Post-Crisis (2021)
BTC-USD,JPM,0.19426659042635744,0.19426659042635744,+,0.19426659042635744,Post-Crisis (2021)
BTC-USD,KBANK.BK,0.08279553641274517,0.08279553641274517,+,0.08279553641274517,Post-Crisis (2021)
BTC-USD,KTB.BK,0.046616677540307495,0.046616677540307495,+,0.046616677540307495,Post-Crisis (2021)
BTC-USD,META,0.0878515483559905,0.0878515483559905,+,0.0878515483559905,Post-Crisis (2021)
BTC-USD,MSFT,0.20070383139352885,0.20070383139352885,+,0.20070383139352885,Post-Crisis (2021)
BTC-USD,NVDA,0.22226406088699452,0.22226406088699452,+,0.22226406088699452,Post-Crisis (2021)
BTC-USD,PTT.BK,0.04809482082608501,0.04809482082608501,+,0.04809482082608501,Post-Crisis (2021)
BTC-USD,PTTEP.BK,0.03189906079917249,0.03189906079917249,+,0.03189906079917249,Post-Crisis (2021)
BTC-USD,PTTGC.BK,0.0509292364658632,0.0509292364658632,+,0.0509292364658632,Post-Crisis (2021)
BTC-USD,SCB.BK,0.0826119655292453,0.0826119655292453,+,0.0826119655292453,Post-Crisis (2021)
BTC-USD,SCC.BK,0.037243432977933644,0.037243432977933644,+,0.037243432977933644,Post-Crisis (2021)
BTC-USD,TRUE.BK,-0.002868702309837587,0.002868702309837587,-,0.002868702309837587,Post-Crisis (2021)
BTC-USD,TSLA,0.22638766090765994,0.22638766090765994,+,0.22638766090765994,Post-Crisis (2021)
BTC-USD,UNH,0.05688331229155741,0.05688331229155741,+,0.05688331229155741,Post-Crisis (2021)
BTC-USD,WMT,0.11716859615455974,0.11716859615455974,+,0.11716859615455974,Post-Crisis (2021)
BTC-USD,XOM,0.1402550886119192,0.1402550886119192,+,0.1402550886119192,Post-Crisis (2021)
CPALL.BK,CPN.BK,0.4676128539648258,0.4676128539648258,+,0.4676128539648258,Post-Crisis (2021)
CPALL.BK,CVX,0.06483269537932176,0.06483269537932176,+,0.06483269537932176,Post-Crisis (2021)
CPALL.BK,GLD,-0.02319142157816823,0.02319142157816823,-,0.02319142157816823,Post-Crisis (2021)
CPALL.BK,GOOGL,0.028911870417963535,0.028911870417963535,+,0.028911870417963535,Post-Crisis (2021)
CPALL.BK,GULF.BK,0.2474013944018637,0.2474013944018637,+,0.2474013944018637,Post-Crisis (2021)
CPALL.BK,JNJ,0.00018270764283265573,0.00018270764283265573,+,0.00018270764283265573,Post-Crisis (2021)
CPALL.BK,JPM,0.07443803634646999,0.07443803634646999,+,0.07443803634646999,Post-Crisis (2021)
CPALL.BK,KBANK.BK,0.3205288157261114,0.3205288157261114,+,0.3205288157261114,Post-Crisis (2021)
CPALL.BK,KTB.BK,0.3869315862655734,0.3869315862655734,+,0.3869315862655734,Post-Crisis (2021)
CPALL.BK,META,0.08996828397210746,0.08996828397210746,+,0.08996828397210746,Post-Crisis (2021)
CPALL.BK,MSFT,-0.03152488459463108,0.03152488459463108,-,0.03152488459463108,Post-Crisis (2021)
CPALL.BK,NVDA,0.019040145161060062,0.019040145161060062,+,0.019040145161060062,Post-Crisis (2021)
CPALL.BK,PTT.BK,0.34067636696456566,0.34067636696456566,+,0.34067636696456566,Post-Crisis (2021)
CPALL.BK,PTTEP.BK,0.21558460948371447,0.21558460948371447,+,0.21558460948371447,Post-Crisis (2021)
CPALL.BK,PTTGC.BK,0.23314839301513504,0.23314839301513504,+,0.23314839301513504,Post-Crisis (2021)
CPALL.BK,SCB.BK,0.27748839664446506,0.27748839664446506,+,0.27748839664446506,Post-Crisis (2021)
CPALL.BK,SCC.BK,0.3027292087413065,0.3027292087413065,+,0.3027292087413065,Post-Crisis (2021)
CPALL.BK,TRUE.BK,0.22455169517147056,0.22455169517147056,+,0.22455169517147056,Post-Crisis (2021)
CPALL.BK,TSLA,0.059917277108878945,0.059917277108878945,+,0.059917277108878945,Post-Crisis (2021)
CPALL.BK,UNH,0.006264732355150781,0.006264732355150781,+,0.006264732355150781,Post-Crisis (2021)
CPALL.BK,WMT,-0.04984475435238444,0.04984475435238444,-,0.04984475435238444,Post-Crisis (2021)
CPALL.BK,XOM,0.11807862955129957,0.11807862955129957,+,0.11807862955129957,Post-Crisis (2021)
CPN.BK,CVX,0.06232076137037681,0.06232076137037681,+,0.06232076137037681,Post-Crisis (2021)
CPN.BK,GLD,0.015403021362709692,0.015403021362709692,+,0.015403021362709692,Post-Crisis (2021)
CPN.BK,GOOGL,0.12299948648543052,0.12299948648543052,+,0.12299948648543052,Post-Crisis (2021)
CPN.BK,GULF.BK,0.29121535345226957,0.29121535345226957,+,0.29121535345226957,Post-Crisis (2021)
CPN.BK,JNJ,0.034121021674727706,0.034121021674727706,+,0.034121021674727706,Post-Crisis (2021)
CPN.BK,JPM,0.04705906700919271,0.04705906700919271,+,0.04705906700919271,Post-Crisis (2021)
CPN.BK,KBANK.BK,0.3971236620278505,0.3971236620278505,+,0.3971236620278505,Post-Crisis (2021)
CPN.BK,KTB.BK,0.39690796080502855,0.39690796080502855,+,0.39690796080502855,Post-Crisis (2021)
CPN.BK,META,0.05583685479683506,0.05583685479683506,+,0.05583685479683506,Post-Crisis (2021)
CPN.BK,MSFT,0.06863543455063469,0.06863543455063469,+,0.06863543455063469,Post-Crisis (2021)
CPN.BK,NVDA,0.03897126663282915,0.03897126663282915,+,0.03897126663282915,Post-Crisis (2021)
CPN.BK,PTT.BK,0.3409661304768087,0.3409661304768087,+,0.3409661304768087,Post-Crisis (2021)
CPN.BK,PTTEP.BK,0.26986114873176265,0.26986114873176265,+,0.26986114873176265,Post-Crisis (2021)
CPN.BK,PTTGC.BK,0.2648997969250681,0.2648997969250681,+,0.2648997969250681,Post-Crisis (2021)
CPN.BK,SCB.BK,0.3584535037485094,0.3584535037485094,+,0.3584535037485094,Post-Crisis (2021)
CPN.BK,SCC.BK,0.3147171861831322,0.3147171861831322,+,0.3147171861831322,Post-Crisis (2021)
CPN.BK,TRUE.BK,0.22355025194545683,0.22355025194545683,+,0.22355025194545683,Post-Crisis (2021)
CPN.BK,TSLA,0.034656060333413403,0.034656060333413403,+,0.034656060333413403,Post-Crisis (2021)
CPN.BK,UNH,0.00639494315472426,0.00639494315472426,+,0.00639494315472426,Post-Crisis (2021)
CPN.BK,WMT,0.023974301898335496,0.023974301898335496,+,0.023974301898335496,Post-Crisis (2021)
CPN.BK,XOM,0.11167451133755964,0.11167451133755964,+,0.11167451133755964,Post-Crisis (2021)
CVX,GLD,0.09762030265950576,0.09762030265950576,+,0.09762030265950576,Post-Crisis (2021)
CVX,GOOGL,0.25485925833857637,0.25485925833857637,+,0.25485925833857637,Post-Crisis (2021)
CVX,GULF.BK,-0.005845848599561141,0.005845848599561141,-,0.005845848599561141,Post-Crisis (2021)
CVX,JNJ,0.24872340358696177,0.24872340358696177,+,0.24872340358696177,Post-Crisis (2021)
CVX,JPM,0.6298925997599956,0.6298925997599956,+,0.6298925997599956,Post-Crisis (2021)
CVX,KBANK.BK,0.06082097084034473,0.06082097084034473,+,0.06082097084034473,Post-Crisis (2021)
CVX,KTB.BK,0.14594490253466158,0.14594490253466158,+,0.14594490253466158,Post-Crisis (2021)
CVX,META,0.07013649199916812,0.07013649199916812,+,0.07013649199916812,Post-Crisis (2021)
CVX,MSFT,0.05945986320107074,0.05945986320107074,+,0.05945986320107074,Post-Crisis (2021)
CVX,NVDA,0.09831076101822428,0.09831076101822428,+,0.09831076101822428,Post-Crisis (2021)
CVX,PTT.BK,0.1736015904807333,0.1736015904807333,+,0.1736015904807333,Post-Crisis (2021)
CVX,PTTEP.BK,0.21570341897413542,0.21570341897413542,+,0.21570341897413542,Post-Crisis (2021)
CVX,PTTGC.BK,0.20006004694834756,0.20006004694834756,+,0.20006004694834756,Post-Crisis (2021)
CVX,SCB.BK,0.12180144770805006,0.12180144770805006,+,0.12180144770805006,Post-Crisis (2021)
CVX,SCC.BK,-0.014936631161176984,0.014936631161176984,-,0.014936631161176984,Post-Crisis (2021)
CVX,TRUE.BK,0.119303751237895,0.119303751237895,+,0.119303751237895,Post-Crisis (2021)
CVX,TSLA,0.036254820093240256,0.036254820093240256,+,0.036254820093240256,Post-Crisis (2021)
CVX,UNH,0.2745251816560426,0.2745251816560426,+,0.2745251816560426,Post-Crisis (2021)
CVX,WMT,0.1636045286113975,0.1636045286113975,+,0.1636045286113975,Post-Crisis (2021)
CVX,XOM,0.9067044428946802,0.9067044428946802,+,0.9067044428946802,Post-Crisis (2021)
GLD,GOOGL,0.15746842088439528,0.15746842088439528,+,0.15746842088439528,Post-Crisis (2021)
GLD,GULF.BK,0.07314681086964799,0.07314681086964799,+,0.07314681086964799,Post-Crisis (2021)
GLD,JNJ,0.16714539376285173,0.16714539376285173,+,0.16714539376285173,Post-Crisis (2021)
GLD,JPM,-0.06905201671062827,0.06905201671062827,-,0.06905201671062827,Post-Crisis (2021)
GLD,KBANK.BK,0.0028643577781163596,0.0028643577781163596,+,0.0028643577781163596,Post-Crisis (2021)
GLD,KTB.BK,0.015200877262918583,0.015200877262918583,+,0.015200877262918583,Post-Crisis (2021)
GLD,META,0.06274089249064282,0.06274089249064282,+,0.06274089249064282,Post-Crisis (2021)
GLD,MSFT,0.13458330591650838,0.13458330591650838,+,0.13458330591650838,Post-Crisis (2021)
GLD,NVDA,0.1479512466239957,0.1479512466239957,+,0.1479512466239957,Post-Crisis (2021)
GLD,PTT.BK,0.003230274429076496,0.003230274429076496,+,0.003230274429076496,Post-Crisis (2021)
GLD,PTTEP.BK,-0.020632699363833617,0.020632699363833617,-,0.020632699363833617,Post-Crisis (2021)
GLD,PTTGC.BK,0.04391506541381418,0.04391506541381418,+,0.04391506541381418,Post-Crisis (2021)
GLD,SCB.BK,-0.0358876383307915,0.0358876383307915,-,0.0358876383307915,Post-Crisis (2021)
GLD,SCC.BK,-0.02812727602388685,0.02812727602388685,-,0.02812727602388685,Post-Crisis (2021)
GLD,TRUE.BK,-0.1017022100366803,0.1017022100366803,-,0.1017022100366803,Post-Crisis (2021)
GLD,TSLA,0.08092316762092548,0.08092316762092548,+,0.08092316762092548,Post-Crisis (2021)
GLD,UNH,0.1138872615535096,0.1138872615535096,+,0.1138872615535096,Post-Crisis (2021)
GLD,WMT,0.09697166764684136,0.09697166764684136,+,0.09697166764684136,Post-Crisis (2021)
GLD,XOM,0.10145305062519236,0.10145305062519236,+,0.10145305062519236,Post-Crisis (2021)
GOOGL,GULF.BK,0.020881652177711377,0.020881652177711377,+,0.020881652177711377,Post-Crisis (2021)
GOOGL,JNJ,0.17200211142860086,0.17200211142860086,+,0.17200211142860086,Post-Crisis (2021)
GOOGL,JPM,0.15117199566977002,0.15117199566977002,+,0.15117199566977002,Post-Crisis (2021)
GOOGL,KBANK.BK,0.1445512811240934,0.1445512811240934,+,0.1445512811240934,Post-Crisis (2021)
GOOGL,KTB.BK,0.1796044675389369,0.1796044675389369,+,0.1796044675389369,Post-Crisis (2021)
GOOGL,META,0.5733990074685233,0.5733990074685233,+,0.5733990074685233,Post-Crisis (2021)
GOOGL,MSFT,0.7233685257854049,0.7233685257854049,+,0.7233685257854049,Post-Crisis (2021)
GOOGL,NVDA,0.5103272272461503,0.5103272272461503,+,0.5103272272461503,Post-Crisis (2021)
GOOGL,PTT.BK,-0.028383788102975732,0.028383788102975732,-,0.028383788102975732,Post-Crisis (2021)
GOOGL,PTTEP.BK,0.0739277903293291,0.0739277903293291,+,0.0739277903293291,Post-Crisis (2021)
GOOGL,PTTGC.BK,0.04261212503968688,0.04261212503968688,+,0.04261212503968688,Post-Crisis (2021)
GOOGL,SCB.BK,0.14478469485433934,0.14478469485433934,+,0.14478469485433934,Post-Crisis (2021)
GOOGL,SCC.BK,0.00972589815315335,0.00972589815315335,+,0.00972589815315335,Post-Crisis (2021)
GOOGL,TRUE.BK,-0.034432874065836366,0.034432874065836366,-,0.034432874065836366,Post-Crisis (2021)
GOOGL,TSLA,0.2754309904233246,0.2754309904233246,+,0.2754309904233246,Post-Crisis (2021)
GOOGL,UNH,0.2684902851907155,0.2684902851907155,+,0.2684902851907155,Post-Crisis (2021)
GOOGL,WMT,0.2012127478585122,0.2012127478585122,+,0.2012127478585122,Post-Crisis (2021)
GOOGL,XOM,0.23074518958805276,0.23074518958805276,+,0.23074518958805276,Post-Crisis (2021)
GULF.BK,JNJ,0.004092410842450434,0.004092410842450434,+,0.004092410842450434,Post-Crisis (2021)
GULF.BK,JPM,0.05004955615386022,0.05004955615386022,+,0.05004955615386022,Post-Crisis (2021)
GULF.BK,KBANK.BK,0.14999327370046509,0.14999327370046509,+,0.14999327370046509,Post-Crisis (2021)
GULF.BK,KTB.BK,0.17945537684125532,0.17945537684125532,+,0.17945537684125532,Post-Crisis (2021)
GULF.BK,META,0.09047569360815241,0.09047569360815241,+,0.09047569360815241,Post-Crisis (2021)
GULF.BK,MSFT,0.012961803404383448,0.012961803404383448,+,0.012961803404383448,Post-Crisis (2021)
GULF.BK,NVDA,0.1075435784684388,0.1075435784684388,+,0.1075435784684388,Post-Crisis (2021)
GULF.BK,PTT.BK,0.03925666948700432,0.03925666948700432,+,0.03925666948700432,Post-Crisis (2021)
GULF.BK,PTTEP.BK,0.03307806327608942,0.03307806327608942,+,0.03307806327608942,Post-Crisis (2021)
GULF.BK,PTTGC.BK,0.18334510332175935,0.18334510332175935,+,0.18334510332175935,Post-Crisis (2021)
GULF.BK,SCB.BK,0.1796340318425233,0.1796340318425233,+,0.1796340318425233,Post-Crisis (2021)
GULF.BK,SCC.BK,0.22748064391604803,0.22748064391604803,+,0.22748064391604803,Post-Crisis (2021)
GULF.BK,TRUE.BK,0.23524761430581986,0.23524761430581986,+,0.23524761430581986,Post-Crisis (2021)
GULF.BK,TSLA,0.07384994945459661,0.07384994945459661,+,0.07384994945459661,Post-Crisis (2021)
GULF.BK,UNH,0.035260453454837644,0.035260453454837644,+,0.035260453454837644,Post-Crisis (2021)
GULF.BK,WMT,-0.04238885639517348,0.04238885639517348,-,0.04238885639517348,Post-Crisis (2021)
GULF.BK,XOM,0.019309181354012224,0.019309181354012224,+,0.019309181354012224,Post-Crisis (2021)
JNJ,JPM,0.15369020132807393,0.15369020132807393,+,0.15369020132807393,Post-Crisis (2021)
JNJ,KBANK.BK,0.03212392054295131,0.03212392054295131,+,0.03212392054295131,Post-Crisis (2021)
JNJ,KTB.BK,0.10134839955381054,0.10134839955381054,+,0.10134839955381054,Post-Crisis (2021)
JNJ,META,0.13230597969354754,0.13230597969354754,+,0.13230597969354754,Post-Crisis (2021)
JNJ,MSFT,0.2232885956221312,0.2232885956221312,+,0.2232885956221312,Post-Crisis (2021)
JNJ,NVDA,0.0337237196781864,0.0337237196781864,+,0.0337237196781864,Post-Crisis (2021)
JNJ,PTT.BK,-0.017571457051966274,0.017571457051966274,-,0.017571457051966274,Post-Crisis (2021)
JNJ,PTTEP.BK,0.04656832554719204,0.04656832554719204,+,0.04656832554719204,Post-Crisis (2021)
JNJ,PTTGC.BK,0.055353423173803595,0.055353423173803595,+,0.055353423173803595,Post-Crisis (2021)
JNJ,SCB.BK,0.0714489939901171,0.0714489939901171,+,0.0714489939901171,Post-Crisis (2021)
JNJ,SCC.BK,0.033304208973301636,0.033304208973301636,+,0.033304208973301636,Post-Crisis (2021)
JNJ,TRUE.BK,-0.06610533289195954,0.06610533289195954,-,0.06610533289195954,Post-Crisis (2021)
JNJ,TSLA,-0.05009274430160253,0.05009274430160253,-,0.05009274430160253,Post-Crisis (2021)
JNJ,UNH,0.399760526118134,0.399760526118134,+,0.399760526118134,Post-Crisis (2021)
JNJ,WMT,0.3773562190679768,0.3773562190679768,+,0.3773562190679768,Post-Crisis (2021)
JNJ,XOM,0.15593313095879796,0.15593313095879796,+,0.15593313095879796,Post-Crisis (2021)
JPM,KBANK.BK,0.18468361122864535,0.18468361122864535,+,0.18468361122864535,Post-Crisis (2021)
JPM,KTB.BK,0.19203362569892796,0.19203362569892796,+,0.19203362569892796,Post-Crisis (2021)
JPM,META,0.06017393414065748,0.06017393414065748,+,0.06017393414065748,Post-Crisis (2021)
JPM,MSFT,-0.035253999028141504,0.035253999028141504,-,0.035253999028141504,Post-Crisis (2021)
JPM,NVDA,0.057680285268784895,0.057680285268784895,+,0.057680285268784895,Post-Crisis (2021)
JPM,PTT.BK,0.18139531463133537,0.18139531463133537,+,0.18139531463133537,Post-Crisis (2021)
JPM,PTTEP.BK,0.14973045320600567,0.14973045320600567,+,0.14973045320600567,Post-Crisis (2021)
JPM,PTTGC.BK,0.2373986050216912,0.2373986050216912,+,0.2373986050216912,Post-Crisis (2021)
JPM,SCB.BK,0.2040125477957529,0.2040125477957529,+,0.2040125477957529,Post-Crisis (2021)
JPM,SCC.BK,0.08214788656849657,0.08214788656849657,+,0.08214788656849657,Post-Crisis (2021)
JPM,TRUE.BK,0.09723095519789865,0.09723095519789865,+,0.09723095519789865,Post-Crisis (2021)
JPM,TSLA,0.07717898770414403,0.07717898770414403,+,0.07717898770414403,Post-Crisis (2021)
JPM,UNH,0.24472195955483167,0.24472195955483167,+,0.24472195955483167,Post-Crisis (2021)
JPM,WMT,0.17117393758758423,0.17117393758758423,+,0.17117393758758423,Post-Crisis (2021)
JPM,XOM,0.6116760731035358,0.6116760731035358,+,0.6116760731035358,Post-Crisis (2021)
KBANK.BK,KTB.BK,0.609767877216546,0.609767877216546,+,0.609767877216546,Post-Crisis (2021)
KBANK.BK,META,0.11071952367472632,0.11071952367472632,+,0.11071952367472632,Post-Crisis (2021)
KBANK.BK,MSFT,0.05946214351750138,0.05946214351750138,+,0.05946214351750138,Post-Crisis (2021)
KBANK.BK,NVDA,0.06096280987200846,0.06096280987200846,+,0.06096280987200846,Post-Crisis (2021)
KBANK.BK,PTT.BK,0.38197914987173687,0.38197914987173687,+,0.38197914987173687,Post-Crisis (2021)
KBANK.BK,PTTEP.BK,0.29372083718333025,0.29372083718333025,+,0.29372083718333025,Post-Crisis (2021)
KBANK.BK,PTTGC.BK,0.3000960174654923,0.3000960174654923,+,0.3000960174654923,Post-Crisis (2021)
KBANK.BK,SCB.BK,0.7453732878225584,0.7453732878225584,+,0.7453732878225584,Post-Crisis (2021)
KBANK.BK,SCC.BK,0.24909397808561998,0.24909397808561998,+,0.24909397808561998,Post-Crisis (2021)
KBANK.BK,TRUE.BK,0.20652032323286285,0.20652032323286285,+,0.20652032323286285,Post-Crisis (2021)
KBANK.BK,TSLA,0.03999815139492502,0.03999815139492502,+,0.03999815139492502,Post-Crisis (2021)
KBANK.BK,UNH,0.06447148529555818,0.06447148529555818,+,0.06447148529555818,Post-Crisis (2021)
KBANK.BK,WMT,0.08178103840594239,0.08178103840594239,+,0.08178103840594239,Post-Crisis (2021)
KBANK.BK,XOM,0.08880961004076372,0.08880961004076372,+,0.08880961004076372,Post-Crisis (2021)
KTB.BK,META,0.051459622063006,0.051459622063006,+,0.051459622063006,Post-Crisis (2021)
KTB.BK,MSFT,0.0864547213411571,0.0864547213411571,+,0.0864547213411571,Post-Crisis (2021)
KTB.BK,NVDA,0.08732915774642573,0.08732915774642573,+,0.08732915774642573,Post-Crisis (2021)
KTB.BK,PTT.BK,0.42868159018552504,0.42868159018552504,+,0.42868159018552504,Post-Crisis (2021)
KTB.BK,PTTEP.BK,0.32127722862272773,0.32127722862272773,+,0.32127722862272773,Post-Crisis (2021)
KTB.BK,PTTGC.BK,0.3769867493951426,0.3769867493951426,+,0.3769867493951426,Post-Crisis (2021)
KTB.BK,SCB.BK,0.5607289457437407,0.5607289457437407,+,0.5607289457437407,Post-Crisis (2021)
KTB.BK,SCC.BK,0.27856910193603235,0.27856910193603235,+,0.27856910193603235,Post-Crisis (2021)
KTB.BK,TRUE.BK,0.19418984658675498,0.19418984658675498,+,0.19418984658675498,Post-Crisis (2021)
KTB.BK,TSLA,0.13308773389165887,0.13308773389165887,+,0.13308773389165887,Post-Crisis (2021)
KTB.BK,UNH,0.17343551838997223,0.17343551838997223,+,0.17343551838997223,Post-Crisis (2021)
KTB.BK,WMT,0.007786854880591305,0.007786854880591305,+,0.007786854880591305,Post-Crisis (2021)
KTB.BK,XOM,0.18114763128801156,0.18114763128801156,+,0.18114763128801156,Post-Crisis (2021)
META,MSFT,0.5337633199116432,0.5337633199116432,+,0.5337633199116432,Post-Crisis (2021)
META,NVDA,0.4445357176005641,0.4445357176005641,+,0.4445357176005641,Post-Crisis (2021)
META,PTT.BK,0.017876968367139864,0.017876968367139864,+,0.017876968367139864,Post-Crisis (2021)
META,PTTEP.BK,0.04625403444774086,0.04625403444774086,+,0.04625403444774086,Post-Crisis (2021)
META,PTTGC.BK,0.04459986488609565,0.04459986488609565,+,0.04459986488609565,Post-Crisis (2021)
META,SCB.BK,0.04480271939591421,0.04480271939591421,+,0.04480271939591421,Post-Crisis (2021)
META,SCC.BK,0.031275509618479774,0.031275509618479774,+,0.031275509618479774,Post-Crisis (2021)
META,TRUE.BK,-0.134951092921025,0.134951092921025,-,0.134951092921025,Post-Crisis (2021)
META,TSLA,0.28846135727010497,0.28846135727010497,+,0.28846135727010497,Post-Crisis (2021)
META,UNH,0.1554749034357577,0.1554749034357577,+,0.1554749034357577,Post-Crisis (2021)
META,WMT,0.22929033802915996,0.22929033802915996,+,0.22929033802915996,Post-Crisis (2021)
META,XOM,0.019767904272842654,0.019767904272842654,+,0.019767904272842654,Post-Crisis (2021)
MSFT,NVDA,0.5889329283137843,0.5889329283137843,+,0.5889329283137843,Post-Crisis (2021)
MSFT,PTT.BK,-0.03454814912916348,0.03454814912916348,-,0.03454814912916348,Post-Crisis (2021)
MSFT,PTTEP.BK,-0.007597432102933166,0.007597432102933166,-,0.007597432102933166,Post-Crisis (2021)
MSFT,PTTGC.BK,-0.013804156541169564,0.013804156541169564,-,0.013804156541169564,Post-Crisis (2021)
MSFT,SCB.BK,0.0673496559065101,0.0673496559065101,+,0.0673496559065101,Post-Crisis (2021)
MSFT,SCC.BK,-0.0066645704571414895,0.0066645704571414895,-,0.0066645704571414895,Post-Crisis (2021)
MSFT,TRUE.BK,-0.07385947886256486,0.07385947886256486,-,0.07385947886256486,Post-Crisis (2021)
MSFT,TSLA,0.37480226170291325,0.37480226170291325,+,0.37480226170291325,Post-Crisis (2021)
MSFT,UNH,0.27888417722267766,0.27888417722267766,+,0.27888417722267766,Post-Crisis (2021)
MSFT,WMT,0.22620885465016627,0.22620885465016627,+,0.22620885465016627,Post-Crisis (2021)
MSFT,XOM,0.022956779837517278,0.022956779837517278,+,0.022956779837517278,Post-Crisis (2021)
NVDA,PTT.BK,-0.04953077566967129,0.04953077566967129,-,0.04953077566967129,Post-Crisis (2021)
NVDA,PTTEP.BK,-0.03800348201679767,0.03800348201679767,-,0.03800348201679767,Post-Crisis (2021)
NVDA,PTTGC.BK,-0.032450226089717434,0.032450226089717434,-,0.032450226089717434,Post-Crisis (2021)
NVDA,SCB.BK,0.030683215429242447,0.030683215429242447,+,0.030683215429242447,Post-Crisis (2021)
NVDA,SCC.BK,-0.040015378688963835,0.040015378688963835,-,0.040015378688963835,Post-Crisis (2021)
NVDA,TRUE.BK,-0.009667427897632076,0.009667427897632076,-,0.009667427897632076,Post-Crisis (2021)
NVDA,TSLA,0.4449587952385311,0.4449587952385311,+,0.4449587952385311,Post-Crisis (2021)
NVDA,UNH,0.13389873356932927,0.13389873356932927,+,0.13389873356932927,Post-Crisis (2021)
NVDA,WMT,0.13957411560730487,0.13957411560730487,+,0.13957411560730487,Post-Crisis (2021)
NVDA,XOM,0.09631427685597527,0.09631427685597527,+,0.09631427685597527,Post-Crisis (2021)
PTT.BK,PTTEP.BK,0.6295738114748891,0.6295738114748891,+,0.6295738114748891,Post-Crisis (2021)
PTT.BK,PTTGC.BK,0.5916342794286172,0.5916342794286172,+,0.5916342794286172,Post-Crisis (2021)
PTT.BK,SCB.BK,0.3139017813436161,0.3139017813436161,+,0.3139017813436161,Post-Crisis (2021)
PTT.BK,SCC.BK,0.18715737935124355,0.18715737935124355,+,0.18715737935124355,Post-Crisis (2021)
PTT.BK,TRUE.BK,0.19078076475502453,0.19078076475502453,+,0.19078076475502453,Post-Crisis (2021)
PTT.BK,TSLA,-0.0698382422120904,0.0698382422120904,-,0.0698382422120904,Post-Crisis (2021)
PTT.BK,UNH,0.06153007162691685,0.06153007162691685,+,0.06153007162691685,Post-Crisis (2021)
PTT.BK,WMT,0.023498355202806024,0.023498355202806024,+,0.023498355202806024,Post-Crisis (2021)
PTT.BK,XOM,0.19007525752119023,0.19007525752119023,+,0.19007525752119023,Post-Crisis (2021)
PTTEP.BK,PTTGC.BK,0.5694873229453481,0.5694873229453481,+,0.5694873229453481,Post-Crisis (2021)
PTTEP.BK,SCB.BK,0.2328302452394503,0.2328302452394503,+,0.2328302452394503,Post-Crisis (2021)
PTTEP.BK,SCC.BK,0.10097088656685557,0.10097088656685557,+,0.10097088656685557,Post-Crisis (2021)
PTTEP.BK,TRUE.BK,0.11809902170911066,0.11809902170911066,+,0.11809902170911066,Post-Crisis (2021)
PTTEP.BK,TSLA,0.042239129263288294,0.042239129263288294,+,0.042239129263288294,Post-Crisis (2021)
PTTEP.BK,UNH,0.09308472917378967,0.09308472917378967,+,0.09308472917378967,Post-Crisis (2021)
PTTEP.BK,WMT,-0.04021014111092169,0.04021014111092169,-,0.04021014111092169,Post-Crisis (2021)
PTTEP.BK,XOM,0.2358352979754021,0.2358352979754021,+,0.2358352979754021,Post-Crisis (2021)
PTTGC.BK,SCB.BK,0.25037394574239885,0.25037394574239885,+,0.25037394574239885,Post-Crisis (2021)
PTTGC.BK,SCC.BK,0.27583196450657765,0.27583196450657765,+,0.27583196450657765,Post-Crisis (2021)
PTTGC.BK,TRUE.BK,0.18545323092451532,0.18545323092451532,+,0.18545323092451532,Post-Crisis (2021)
PTTGC.BK,TSLA,-0.01248851056931581,0.01248851056931581,-,0.01248851056931581,Post-Crisis (2021)
PTTGC.BK,UNH,0.07782255403686071,0.07782255403686071,+,0.07782255403686071,Post-Crisis (2021)
PTTGC.BK,WMT,0.009544442854057394,0.009544442854057394,+,0.009544442854057394,Post-Crisis (2021)
PTTGC.BK,XOM,0.22091863549760066,0.22091863549760066,+,0.22091863549760066,Post-Crisis (2021)
SCB.BK,SCC.BK,0.20253854262383156,0.20253854262383156,+,0.20253854262383156,Post-Crisis (2021)
SCB.BK,TRUE.BK,0.26698199616327667,0.26698199616327667,+,0.26698199616327667,Post-Crisis (2021)
SCB.BK,TSLA,-0.009576696899289416,0.009576696899289416,-,0.009576696899289416,Post-Crisis (2021)
SCB.BK,UNH,0.05669464613595793,0.05669464613595793,+,0.05669464613595793,Post-Crisis (2021)
SCB.BK,WMT,0.0447271198549638,0.0447271198549638,+,0.0447271198549638,Post-Crisis (2021)
SCB.BK,XOM,0.15818323362248,0.15818323362248,+,0.15818323362248,Post-Crisis (2021)
SCC.BK,TRUE.BK,0.09810818011318395,0.09810818011318395,+,0.09810818011318395,Post-Crisis (2021)
SCC.BK,TSLA,0.06997457626530539,0.06997457626530539,+,0.06997457626530539,Post-Crisis (2021)
SCC.BK,UNH,0.13121685939487307,0.13121685939487307,+,0.13121685939487307,Post-Crisis (2021)
SCC.BK,WMT,0.10401294718980321,0.10401294718980321,+,0.10401294718980321,Post-Crisis (2021)
SCC.BK,XOM,-0.018148337241572377,0.018148337241572377,-,0.018148337241572377,Post-Crisis (2021)
TRUE.BK,TSLA,0.07028129432793469,0.07028129432793469,+,0.07028129432793469,Post-Crisis (2021)
TRUE.BK,UNH,-0.06358975520310133,0.06358975520310133,-,0.06358975520310133,Post-Crisis (2021)
TRUE.BK,WMT,-0.0475265123869447,0.0475265123869447,-,0.0475265123869447,Post-Crisis (2021)
TRUE.BK,XOM,0.10746225186446026,0.10746225186446026,+,0.10746225186446026,Post-Crisis (2021)
TSLA,UNH,0.031841813712770395,0.031841813712770395,+,0.031841813712770395,Post-Crisis (2021)
TSLA,WMT,0.10616358390805401,0.10616358390805401,+,0.10616358390805401,Post-Crisis (2021)
TSLA,XOM,0.008403560210935026,0.008403560210935026,+,0.008403560210935026,Post-Crisis (2021)
UNH,WMT,0.25876572415259097,0.25876572415259097,+,0.25876572415259097,Post-Crisis (2021)
UNH,XOM,0.20087334476899882,0.20087334476899882,+,0.20087334476899882,Post-Crisis (2021)
WMT,XOM,0.14272114574944425,0.14272114574944425,+,0.14272114574944425,Post-Crisis (2021)
